name,lat,lng,label,iron_oxide_index,ferrous_mineral_index,swir_b11_reflectance,swir_b12_reflectance,ndvi,elevation_m,slope_deg,dist_to_fault_km,temp_c,rainfall_mm,soil_moisture,data_source_live
bg_38,21.58127,79.94373,0,0.3273,0.2058,0.1659,0.2282,0.4807,342.1,2.9,38.852,27.04,9.66,0.55,True
bg_339,20.67741,80.3372,0,0.3204,0.2466,0.1775,0.2297,0.4667,343.9,3.6,102.109,26.4,10.08,0.54,True
Beldongri_Mine_ext_1,21.16175,79.19744,1,0.6982,0.5392,0.4423,0.4728,0.4269,282.6,10.2,1.946,27.54,8.94,0.56,True
bg_131,22.36151,79.45364,0,0.2845,0.2365,0.1632,0.2158,0.4288,608.5,7.3,33.64,25.23,9.62,0.57,True
Ramtek_Mine_ext_4,21.39938,79.30896,1,0.6787,0.5554,0.4052,0.4691,0.398,371.2,11.9,2.476,27.04,8.83,0.56,True
bg_263,21.04681,78.61828,0,0.2827,0.2301,0.1996,0.232,0.4777,337.0,3.1,55.468,27.44,7.58,0.52,True
bg_269,21.61086,78.67282,0,0.3071,0.2429,0.182,0.2068,0.4492,454.8,6.0,50.436,26.8,7.89,0.55,True
Linga_Deposit_ext_3,21.93345,78.9279,1,0.2962,0.2076,0.1711,0.2074,0.4386,637.8,7.7,65.409,25.39,8.91,0.56,True
bg_405,21.07019,78.79788,0,0.3224,0.1961,0.1662,0.2073,0.4371,337.0,2.9,38.672,27.44,7.58,0.52,True
bg_24,21.07308,79.51001,0,0.3542,0.2241,0.1682,0.1944,0.3957,282.6,2.1,21.004,27.54,8.94,0.56,True
bg_102,22.42238,79.85993,0,0.2733,0.2455,0.1392,0.2217,0.4539,508.3,5.1,35.314,25.74,9.89,0.58,True
Sausar_South_ext_4,21.63217,78.76981,1,0.3179,0.1899,0.1713,0.2081,0.4126,454.8,4.3,44.262,26.8,7.89,0.55,True
bg_262,21.32964,79.86868,0,0.2989,0.2271,0.1739,0.2067,0.4151,342.1,3.4,23.396,27.04,9.66,0.55,True
bg_80,21.29701,78.54165,0,0.3229,0.2469,0.1837,0.208,0.4362,454.8,5.3,54.33,26.8,7.89,0.55,True
bg_17,21.17599,80.37352,0,0.3022,0.2603,0.1782,0.2074,0.4239,349.6,3.4,75.399,26.51,9.7,0.54,True
bg_43,21.14591,79.72696,0,0.2933,0.2483,0.1892,0.2222,0.4109,291.9,2.6,18.649,27.2,9.85,0.56,True
bg_12,22.09659,78.82148,0,0.3128,0.238,0.1546,0.2091,0.4778,637.8,8.5,87.03,25.39,8.91,0.56,True
Bharweli_Mine_ext_4,21.84177,80.26566,1,0.6739,0.5414,0.3929,0.5005,0.3725,469.5,13.1,2.119,26.16,9.74,0.56,True
Linga_Deposit,21.95,78.9,1,0.3204,0.2104,0.1503,0.2262,0.4793,637.8,7.4,68.659,25.39,8.91,0.56,True
bg_197,21.79842,79.11655,0,0.2789,0.2324,0.1543,0.2266,0.3806,557.7,6.6,42.453,25.76,9.21,0.57,True
bg_122,21.06407,80.60415,0,0.3,0.2091,0.1605,0.2125,0.4957,349.6,2.4,96.253,26.51,9.7,0.54,True
bg_45,21.04166,80.31377,0,0.3446,0.2421,0.1606,0.2083,0.4248,349.6,2.2,78.029,26.51,9.7,0.54,True
Bharweli_Mine,21.86,80.26,1,0.746,0.6083,0.4946,0.5238,0.2763,469.5,14.2,0.0,26.16,9.74,0.56,True
bg_57,21.92919,80.44684,0,0.5547,0.3895,0.3191,0.3718,0.4157,547.2,10.2,8.121,25.56,9.39,0.55,True
bg_145,20.68257,78.65113,0,0.3313,0.182,0.184,0.2117,0.5076,274.2,1.9,79.086,27.91,7.53,0.53,True
bg_47,20.65691,79.21696,0,0.2813,0.2429,0.1828,0.2151,0.4394,243.6,1.9,39.415,27.75,9.01,0.57,True
bg_206,20.52431,80.49748,0,0.2958,0.2443,0.1831,0.2009,0.4566,343.9,3.4,126.709,26.4,10.08,0.54,True
bg_328,20.86376,79.23313,0,0.2585,0.2042,0.1845,0.2091,0.4362,282.6,3.2,18.36,27.54,8.94,0.56,True
Gowari_Wadhona_ext_2,21.55107,79.02332,1,0.2998,0.2113,0.1816,0.2409,0.4315,454.8,5.5,24.55,26.8,7.89,0.55,True
bg_295,21.74062,79.62568,0,0.3041,0.2283,0.1682,0.2218,0.438,371.2,4.4,46.94,27.04,8.83,0.56,True
bg_149,21.64688,79.51375,0,0.3147,0.2449,0.1707,0.2368,0.4197,371.2,4.1,36.607,27.04,8.83,0.56,True
bg_411,22.46476,79.76697,0,0.3178,0.2055,0.1905,0.2197,0.4304,508.3,5.6,35.179,25.74,9.89,0.58,True
bg_358,21.24094,78.59681,0,0.2947,0.1873,0.1677,0.1983,0.4137,337.0,3.7,49.09,27.44,7.58,0.52,True
Sausar_South_ext_1,21.66424,78.76363,1,0.2815,0.1867,0.1523,0.2078,0.4381,454.8,5.0,47.441,26.8,7.89,0.55,True
bg_436,21.56518,80.12923,0,0.3378,0.2079,0.1874,0.2072,0.409,342.1,4.0,30.159,27.04,9.66,0.55,True
bg_332,21.83512,79.03581,0,0.3452,0.2071,0.161,0.2184,0.4335,637.8,8.6,49.888,25.39,8.91,0.56,True
Chikla_Mine,21.3,79.66,1,0.75,0.5892,0.4746,0.5361,0.3208,371.2,12.9,0.0,27.04,8.83,0.56,True
bg_93,21.67155,80.62881,0,0.3056,0.2305,0.1671,0.2124,0.3922,414.8,4.7,31.127,26.26,9.4,0.56,True
bg_148,22.40121,79.7061,0,0.3169,0.2569,0.1738,0.2203,0.3452,508.3,5.3,26.931,25.74,9.89,0.58,True
Gowari_Wadhona,21.58,79.02,1,0.2927,0.2371,0.1917,0.2114,0.443,454.8,4.4,27.772,26.8,7.89,0.55,True
bg_443,22.11975,80.526,0,0.2954,0.2051,0.1682,0.2272,0.3893,547.2,6.9,21.073,25.56,9.39,0.55,True
Mansar_Mine_ext_3,21.45463,79.27441,1,0.6809,0.548,0.4046,0.4544,0.3533,371.2,10.4,3.159,27.04,8.83,0.56,True
bg_418,20.84178,78.68641,0,0.2818,0.2079,0.1952,0.2324,0.417,337.0,2.8,65.188,27.44,7.58,0.52,True
bg_104,20.89158,78.62595,0,0.2863,0.2497,0.1786,0.225,0.4148,337.0,3.2,66.18,27.44,7.58,0.52,True
Balaghat_Mine_ext_2,21.84166,80.21741,1,0.6367,0.5138,0.3992,0.4599,0.323,469.5,12.6,3.306,26.16,9.74,0.56,True
bg_20,21.65656,79.32531,0,0.3254,0.211,0.1795,0.2051,0.4677,371.2,4.2,25.45,27.04,8.83,0.56,True
bg_366,21.9267,80.30859,0,0.4943,0.3458,0.2639,0.3565,0.4053,469.5,10.0,9.16,26.16,9.74,0.56,True
bg_92,20.55302,80.64904,0,0.2987,0.1846,0.1662,0.1947,0.4477,343.9,3.4,137.576,26.4,10.08,0.54,True
bg_25,21.68167,79.36697,0,0.3101,0.2281,0.1992,0.2177,0.4319,371.2,4.5,29.802,27.04,8.83,0.56,True
bg_158,20.68241,79.9812,0,0.2675,0.2105,0.1765,0.2178,0.436,264.0,3.5,77.27,27.26,10.04,0.57,True
bg_369,21.56423,80.52197,0,0.2838,0.2096,0.1755,0.2099,0.4211,414.8,4.9,40.601,26.26,9.4,0.56,True
bg_413,21.29571,79.43944,0,0.3264,0.24,0.183,0.2176,0.4265,371.2,2.5,16.227,27.04,8.83,0.56,True
bg_337,21.05718,79.71656,0,0.3205,0.2181,0.1641,0.2119,0.4527,291.9,3.3,27.675,27.2,9.85,0.56,True
bg_414,22.43894,79.35718,0,0.3197,0.2016,0.1761,0.23,0.4713,608.5,7.8,47.357,25.23,9.62,0.57,True
bg_409,21.54902,80.36189,0,0.2967,0.2371,0.1609,0.2085,0.3845,414.8,5.5,36.324,26.26,9.4,0.56,True
bg_289,21.62188,80.18412,0,0.3182,0.235,0.1822,0.2181,0.3884,342.1,2.7,23.111,27.04,9.66,0.55,True
bg_349,20.66352,79.46086,0,0.2662,0.2312,0.1924,0.2157,0.4841,243.6,1.6,38.643,27.75,9.01,0.57,True
bg_119,22.25494,78.90569,0,0.3226,0.243,0.1715,0.2273,0.4286,649.4,8.6,86.592,25.06,9.84,0.55,True
bg_112,22.18975,79.2966,0,0.3074,0.2075,0.1377,0.2178,0.4501,557.7,6.6,42.685,25.76,9.21,0.57,True
bg_175,20.6627,79.0593,0,0.2963,0.2559,0.1669,0.203,0.4772,274.2,2.1,47.861,27.91,7.53,0.53,True
bg_376,20.54014,80.66828,0,0.3184,0.2437,0.1929,0.219,0.4986,343.9,3.9,140.142,26.4,10.08,0.54,True
bg_283,21.84315,78.81468,0,0.3251,0.2634,0.169,0.1902,0.4104,637.8,7.8,61.771,25.39,8.91,0.56,True
bg_184,21.25252,78.5299,0,0.2928,0.2192,0.1849,0.2068,0.4334,454.8,6.1,56.173,26.8,7.89,0.55,True
Linga_Deposit_ext_5,21.96464,78.87784,1,0.2954,0.2031,0.1651,0.2151,0.4791,637.8,7.6,71.399,25.39,8.91,0.56,True
bg_111,21.13795,80.61567,0,0.2585,0.2225,0.1508,0.2146,0.4671,349.6,2.9,88.557,26.51,9.7,0.54,True
bg_434,20.80873,80.45634,0,0.304,0.213,0.1839,0.2116,0.441,349.6,4.1,103.861,26.51,9.7,0.54,True
bg_52,21.31791,80.25365,0,0.3107,0.2292,0.1893,0.2264,0.5491,342.1,3.7,57.279,27.04,9.66,0.55,True
Sandur_Mine_ext_3,15.08312,76.55694,1,0.2924,0.2586,0.1683,0.2118,0.4372,591.2,7.3,724.794,26.94,3.04,0.51,True
Sausar_South,21.65,78.78,1,0.2935,0.2263,0.1731,0.2313,0.4556,454.8,5.5,45.075,26.8,7.89,0.55,True
bg_437,20.60365,80.42513,0,0.3137,0.2084,0.1812,0.2316,0.4988,343.9,2.6,114.837,26.4,10.08,0.54,True
bg_207,22.43976,79.62109,0,0.3021,0.2191,0.1698,0.1951,0.4882,608.5,7.9,31.734,25.23,9.62,0.57,True
Linga_Deposit_ext_1,21.92209,78.90123,1,0.3078,0.2244,0.1748,0.2019,0.4229,637.8,8.4,66.047,25.39,8.91,0.56,True
Bharweli_Mine_ext_3,21.82895,80.24988,1,0.6427,0.5225,0.3934,0.4628,0.4204,469.5,11.7,3.625,26.16,9.74,0.56,True
Barabil_Mine_ext_1,22.13126,85.38457,1,0.2847,0.2315,0.1747,0.1974,0.44,409.3,3.8,540.429,24.96,9.62,0.62,True
bg_141,22.29105,78.93858,0,0.299,0.2092,0.1668,0.2263,0.4023,649.4,8.2,83.573,25.06,9.84,0.55,True
bg_319,21.1575,78.7773,0,0.3024,0.198,0.1939,0.2457,0.4416,337.0,4.2,33.962,27.44,7.58,0.52,True
Sukli_Deposit_ext_5,21.71558,79.83643,1,0.297,0.1987,0.2048,0.2013,0.3982,342.1,4.0,41.25,27.04,9.66,0.55,True
bg_408,20.66047,80.48289,0,0.301,0.234,0.1529,0.2229,0.4788,343.9,2.8,115.682,26.4,10.08,0.54,True
Miragpur_Deposit,21.68,79.8,1,0.2787,0.1975,0.1677,0.1828,0.4057,342.1,3.6,44.952,27.04,9.66,0.55,True
Linga_Deposit_ext_4,21.9359,78.8942,1,0.3236,0.2361,0.1478,0.1784,0.4242,637.8,8.2,67.747,25.39,8.91,0.56,True
bg_118,21.75789,78.82397,0,0.2864,0.2437,0.177,0.2093,0.4723,637.8,7.9,52.715,25.39,8.91,0.56,True
bg_11,21.50303,80.43621,0,0.2791,0.2428,0.1543,0.2207,0.487,414.8,4.7,44.188,26.26,9.4,0.56,True
bg_90,20.64114,79.4755,0,0.2667,0.2121,0.1698,0.2277,0.4302,243.6,1.4,41.542,27.75,9.01,0.57,True
Sausar_South_ext_5,21.65179,78.77094,1,0.2934,0.1789,0.1869,0.2204,0.4413,454.8,6.0,45.855,26.8,7.89,0.55,True
bg_280,21.73626,79.33024,0,0.2876,0.2363,0.1895,0.2378,0.4097,371.2,5.0,34.07,27.04,8.83,0.56,True
bg_396,21.21219,80.37642,0,0.3084,0.2186,0.1753,0.1933,0.5135,349.6,3.5,71.631,26.51,9.7,0.54,True
bg_189,22.31271,79.841,0,0.3072,0.1813,0.1525,0.2269,0.4213,508.3,4.9,24.631,25.74,9.89,0.58,True
bg_205,22.42645,78.82226,0,0.3295,0.1861,0.168,0.2339,0.4464,649.4,8.6,99.697,25.06,9.84,0.55,True
bg_164,21.20183,78.56232,0,0.3356,0.2142,0.1786,0.222,0.4479,337.0,4.1,53.827,27.44,7.58,0.52,True
bg_56,21.59845,78.75445,0,0.2999,0.2578,0.1591,0.1943,0.4057,454.8,4.6,42.702,26.8,7.89,0.55,True
Sausar_South_ext_3,21.66056,78.81943,1,0.3275,0.1737,0.1823,0.2189,0.4573,454.8,6.3,43.504,26.8,7.89,0.55,True
bg_115,21.06371,79.5401,0,0.2933,0.2116,0.1757,0.2135,0.4481,282.6,1.3,23.67,27.54,8.94,0.56,True
bg_362,21.42507,79.38395,0,0.4559,0.343,0.3066,0.3549,0.4303,371.2,7.6,8.684,27.04,8.83,0.56,True
bg_134,22.00174,79.65505,0,0.2954,0.2225,0.1707,0.2073,0.4174,557.7,7.0,17.784,25.76,9.21,0.57,True
Ramtek_Mine_ext_2,21.40108,79.37434,1,0.574,0.4396,0.3529,0.4128,0.3802,371.2,8.2,6.47,27.04,8.83,0.56,True
bg_342,20.91267,80.26453,0,0.254,0.2228,0.17,0.2035,0.4299,291.9,2.5,79.695,27.2,9.85,0.56,True
Sitapatore_Mine_ext_3,21.5171,79.72727,1,0.3184,0.2231,0.1776,0.1771,0.4469,342.1,3.8,25.228,27.04,9.66,0.55,True
bg_257,21.26178,80.65471,0,0.2826,0.2046,0.1686,0.2034,0.3795,414.8,4.5,75.665,26.26,9.4,0.56,True
bg_375,21.25457,79.03284,0,0.4914,0.376,0.2852,0.3493,0.3972,454.8,8.7,8.379,26.8,7.89,0.55,True
Keonjhar_Deposit_ext_2,21.62861,85.58614,1,0.3275,0.2477,0.1589,0.2095,0.448,341.5,3.2,563.336,25.34,9.52,0.61,True
Gowari_Wadhona_ext_4,21.55773,78.99623,1,0.2776,0.2092,0.1697,0.2244,0.439,454.8,5.0,25.554,26.8,7.89,0.55,True
bg_209,22.28229,80.33967,0,0.3029,0.2337,0.1669,0.2026,0.4595,602.7,8.4,43.93,25.09,9.48,0.58,True
bg_371,21.39482,79.57502,0,0.2882,0.2372,0.1887,0.2513,0.4783,371.2,5.0,14.133,27.04,8.83,0.56,True
Chikla_Mine_ext_3,21.31856,79.67676,1,0.6585,0.5288,0.382,0.4847,0.3685,371.2,11.1,2.776,27.04,8.83,0.56,True
bg_444,21.00928,80.50524,0,0.3312,0.2411,0.1674,0.215,0.4334,349.6,3.1,97.589,26.51,9.7,0.54,True
bg_267,22.49944,80.2731,0,0.2928,0.1937,0.1929,0.2374,0.4807,508.3,6.3,68.894,25.74,9.89,0.58,True
Balaghat_Mine,21.83,80.19,1,0.7389,0.5866,0.4678,0.5533,0.3585,469.5,14.2,0.0,26.16,9.74,0.56,True
Bharweli_Mine_ext_5,21.84366,80.23458,1,0.6404,0.551,0.4096,0.472,0.3958,469.5,13.0,3.354,26.16,9.74,0.56,True
bg_261,21.43739,79.10321,0,0.3669,0.2534,0.1853,0.2358,0.4381,371.2,5.4,14.427,27.04,8.83,0.56,True
Tirodi_Mine_ext_4,22.16376,79.64473,1,0.6264,0.5086,0.3971,0.4537,0.4127,557.7,12.8,3.937,25.76,9.21,0.57,True
bg_268,22.49327,78.74518,0,0.2732,0.256,0.1684,0.2117,0.4103,649.4,8.0,110.162,25.06,9.84,0.55,True
bg_260,22.17666,78.57172,0,0.2841,0.2331,0.1784,0.2192,0.4487,637.8,7.0,106.863,25.39,8.91,0.56,True
bg_63,21.72344,80.16118,0,0.3778,0.3065,0.2226,0.2679,0.4189,342.1,5.1,12.253,27.04,9.66,0.55,True
Gowari_Wadhona_ext_5,21.58939,79.02535,1,0.329,0.2253,0.1729,0.1888,0.3835,454.8,6.1,28.797,26.8,7.89,0.55,True
bg_66,21.21195,80.09608,0,0.3034,0.2268,0.1358,0.2136,0.4576,291.9,3.1,49.382,27.2,9.85,0.56,True
bg_28,22.1452,80.2195,0,0.2991,0.2356,0.1553,0.212,0.459,469.5,5.3,31.975,26.16,9.74,0.56,True
bg_85,21.75172,80.62175,0,0.2917,0.2001,0.1715,0.2123,0.4211,547.2,7.4,22.785,25.56,9.39,0.55,True
bg_441,22.47992,80.23125,0,0.3055,0.2018,0.142,0.2181,0.4529,508.3,6.2,68.885,25.74,9.89,0.58,True
bg_33,20.93164,79.75017,0,0.336,0.245,0.2046,0.2146,0.4258,291.9,2.4,42.095,27.2,9.85,0.56,True
bg_161,21.59906,78.85915,0,0.3331,0.2229,0.1748,0.2046,0.5017,454.8,5.1,35.378,26.8,7.89,0.55,True
bg_65,20.99546,79.97464,0,0.295,0.2197,0.1686,0.2074,0.4346,291.9,2.9,48.605,27.2,9.85,0.56,True
Tirodi_Mine,22.16,79.68,1,0.7809,0.571,0.4718,0.5512,0.3553,557.7,14.7,0.0,25.76,9.21,0.57,True
bg_133,21.35799,80.79281,0,0.306,0.2313,0.1607,0.2137,0.4459,414.8,3.5,70.345,26.26,9.4,0.56,True
bg_384,22.07834,80.29304,0,0.2917,0.2289,0.1936,0.1979,0.4389,469.5,5.4,24.512,26.16,9.74,0.56,True
bg_317,22.46007,79.87142,0,0.3262,0.2626,0.177,0.2271,0.4573,508.3,6.1,39.508,25.74,9.89,0.58,True
bg_73,21.90732,79.42196,0,0.3153,0.2174,0.1641,0.1992,0.4982,557.7,6.3,40.088,25.76,9.21,0.57,True
bg_106,20.70156,80.34656,0,0.2874,0.2463,0.167,0.2138,0.4225,343.9,3.8,101.095,26.4,10.08,0.54,True
Ukwa_Mine_ext_3,21.9202,80.522,1,0.7071,0.5928,0.4371,0.5143,0.3454,547.2,14.4,1.11,25.56,9.39,0.55,True
bg_440,20.62675,79.92281,0,0.3098,0.248,0.2086,0.2225,0.4288,264.0,1.4,76.229,27.26,10.04,0.57,True
Beldongri_Mine,21.16,79.18,1,0.7399,0.6106,0.4738,0.5238,0.3309,282.6,12.4,0.0,27.54,8.94,0.56,True
bg_235,22.47242,79.87405,0,0.3278,0.2212,0.1896,0.2463,0.4753,508.3,5.9,40.824,25.74,9.89,0.58,True
Kandri_Mine_ext_4,21.38157,79.31462,1,0.757,0.5871,0.4887,0.5073,0.3743,371.2,12.2,0.622,27.04,8.83,0.56,True
Miragpur_Deposit_ext_3,21.68528,79.78714,1,0.3165,0.2033,0.1887,0.2262,0.4761,342.1,3.7,45.034,27.04,9.66,0.55,True
bg_298,20.77274,80.67134,0,0.323,0.222,0.1664,0.2141,0.4571,349.6,4.6,126.599,26.51,9.7,0.54,True
bg_129,22.05283,80.71046,0,0.3108,0.258,0.1646,0.1863,0.416,547.2,6.1,25.156,25.56,9.39,0.55,True
bg_386,20.67384,78.63304,0,0.2834,0.2144,0.1639,0.2112,0.4264,274.2,1.7,81.229,27.91,7.53,0.53,True
bg_449,21.32368,80.21007,0,0.3204,0.2181,0.1648,0.2215,0.4465,342.1,3.2,56.246,27.04,9.66,0.55,True
bg_374,21.03849,80.77969,0,0.269,0.2244,0.1565,0.2221,0.4377,349.6,3.6,103.07,26.51,9.7,0.54,True
bg_264,20.61275,79.64164,0,0.3192,0.2016,0.1539,0.2368,0.4864,243.6,2.0,53.615,27.75,9.01,0.57,True
bg_281,21.21633,78.71064,0,0.313,0.2487,0.1446,0.2096,0.4249,337.0,3.8,37.627,27.44,7.58,0.52,True
bg_214,22.43861,79.957,0,0.3352,0.2407,0.1504,0.1704,0.4607,508.3,5.8,43.609,25.74,9.89,0.58,True
bg_249,22.23213,79.39538,0,0.2968,0.1832,0.2024,0.199,0.4384,557.7,7.0,32.592,25.76,9.21,0.57,True
bg_227,21.74027,79.77461,0,0.287,0.2291,0.1806,0.2094,0.4621,342.1,4.0,47.172,27.04,9.66,0.55,True
bg_370,20.71434,80.67288,0,0.2861,0.2196,0.1565,0.218,0.4648,343.9,3.5,129.871,26.4,10.08,0.54,True
bg_297,20.92593,80.77164,0,0.3005,0.22,0.181,0.2337,0.4686,349.6,2.4,114.899,26.51,9.7,0.54,True
Ramtek_Mine_ext_3,21.39654,79.33543,1,0.6847,0.5252,0.4103,0.4989,0.4002,371.2,11.9,2.511,27.04,8.83,0.56,True
bg_168,21.73644,78.54533,0,0.336,0.2311,0.1755,0.2111,0.4728,454.8,4.6,70.211,26.8,7.89,0.55,True
bg_35,20.67069,79.93575,0,0.2781,0.2324,0.1868,0.2402,0.4547,264.0,1.8,75.028,27.26,10.04,0.57,True
bg_69,20.73215,79.2951,0,0.3003,0.2165,0.1603,0.2163,0.4088,243.6,2.2,29.052,27.75,9.01,0.57,True
bg_406,20.84675,80.54412,0,0.2958,0.1844,0.1887,0.2308,0.4293,349.6,3.1,110.282,26.51,9.7,0.54,True
bg_29,21.22038,79.65626,0,0.4975,0.3655,0.2877,0.3619,0.4151,282.6,6.3,8.848,27.54,8.94,0.56,True
bg_4,21.21898,78.78588,0,0.344,0.2181,0.1921,0.238,0.461,337.0,3.8,29.768,27.44,7.58,0.52,True
bg_292,20.76803,80.09224,0,0.3091,0.2001,0.1493,0.2039,0.4559,291.9,2.3,76.083,27.2,9.85,0.56,True
bg_383,21.8582,78.92881,0,0.3115,0.2255,0.1658,0.2219,0.4602,637.8,8.0,58.531,25.39,8.91,0.56,True
bg_128,21.24404,78.90948,0,0.3143,0.2526,0.1808,0.2227,0.3999,337.0,3.6,16.432,27.44,7.58,0.52,True
bg_256,21.68826,80.02644,0,0.2858,0.2133,0.185,0.2261,0.4646,342.1,4.1,24.024,27.04,9.66,0.55,True
bg_239,22.12759,80.60315,0,0.2986,0.2316,0.1882,0.2112,0.4583,547.2,6.8,23.795,25.56,9.39,0.55,True
bg_271,22.38953,79.63963,0,0.2817,0.1999,0.1973,0.2188,0.4493,608.5,7.9,25.869,25.23,9.62,0.57,True
bg_202,21.07142,79.17727,0,0.4348,0.3501,0.2524,0.3375,0.4085,282.6,5.0,9.837,27.54,8.94,0.56,True
bg_401,20.80572,79.8342,0,0.3263,0.2393,0.1531,0.2438,0.4349,291.9,3.5,58.173,27.2,9.85,0.56,True
bg_282,20.72712,80.60982,0,0.3202,0.2213,0.1772,0.212,0.4487,343.9,4.4,123.122,26.4,10.08,0.54,True
bg_155,22.00475,80.67607,0,0.2791,0.1756,0.1597,0.2052,0.4647,547.2,7.9,19.208,25.56,9.39,0.55,True
bg_21,20.57188,80.51756,0,0.3027,0.1651,0.1846,0.2321,0.4213,343.9,3.4,124.872,26.4,10.08,0.54,True
bg_204,20.94719,80.25629,0,0.3212,0.2369,0.165,0.2165,0.4605,291.9,2.3,76.906,27.2,9.85,0.56,True
bg_286,21.54033,78.92581,0,0.3338,0.232,0.2032,0.2316,0.4124,454.8,5.7,26.054,26.8,7.89,0.55,True
bg_346,20.57862,80.50946,0,0.2703,0.203,0.1974,0.2394,0.47,343.9,3.5,123.703,26.4,10.08,0.54,True
Tirodi_Mine_ext_1,22.14917,79.71334,1,0.6307,0.5149,0.3945,0.4489,0.3601,469.5,13.4,3.891,26.16,9.74,0.56,True
bg_299,20.52909,78.59068,0,0.2939,0.2255,0.1586,0.2051,0.4258,274.2,2.2,95.83,27.91,7.53,0.53,True
Beldongri_Mine_ext_2,21.14736,79.1741,1,0.7326,0.5355,0.4378,0.49,0.3504,282.6,10.5,1.548,27.54,8.94,0.56,True
bg_330,22.29358,80.53775,0,0.3032,0.1964,0.1694,0.2098,0.3923,602.7,6.8,40.405,25.09,9.48,0.58,True
bg_176,20.66968,80.16121,0,0.3054,0.2086,0.1709,0.2224,0.4235,264.0,1.4,89.389,27.26,10.04,0.57,True
bg_335,20.58174,78.54892,0,0.3082,0.2316,0.1613,0.2191,0.4523,274.2,2.5,95.01,27.91,7.53,0.53,True
bg_233,20.65547,80.57004,0,0.3228,0.1863,0.1439,0.2091,0.4864,343.9,3.2,123.783,26.4,10.08,0.54,True
bg_345,21.88079,79.94326,0,0.3195,0.2103,0.1628,0.233,0.4568,469.5,4.4,27.962,26.16,9.74,0.56,True
bg_390,21.36332,80.78829,0,0.3397,0.2262,0.1724,0.2018,0.4687,414.8,4.0,69.595,26.26,9.4,0.56,True
bg_89,20.82587,79.89544,0,0.2953,0.2418,0.1846,0.2189,0.459,291.9,1.7,58.76,27.2,9.85,0.56,True
Dongri_Buzurg_ext_1,21.00329,79.34308,1,0.6911,0.5263,0.4709,0.4979,0.3254,282.6,10.5,1.514,27.54,8.94,0.56,True
bg_270,22.03797,80.17483,0,0.3083,0.2087,0.1817,0.2102,0.474,469.5,5.9,21.9,26.16,9.74,0.56,True
bg_186,22.05429,78.97814,0,0.3039,0.2314,0.1865,0.2131,0.4174,637.8,7.4,74.565,25.39,8.91,0.56,True
bg_391,20.75516,78.89996,0,0.3081,0.2348,0.1913,0.2258,0.4287,337.0,3.0,54.641,27.44,7.58,0.52,True
Kandri_Mine,21.38,79.32,1,0.7275,0.6029,0.4763,0.5267,0.3754,371.2,12.8,0.0,27.04,8.83,0.56,True
bg_247,21.33649,79.88725,0,0.2959,0.2158,0.1635,0.2126,0.4182,342.1,3.6,25.548,27.04,9.66,0.55,True
bg_139,22.15291,80.56552,0,0.2838,0.1961,0.1854,0.2176,0.41,547.2,5.9,25.254,25.56,9.39,0.55,True
bg_76,21.48323,78.85271,0,0.3002,0.2329,0.1799,0.1803,0.4226,454.8,4.0,26.011,26.8,7.89,0.55,True
bg_218,21.40908,80.76413,0,0.2912,0.2061,0.1685,0.1964,0.4389,414.8,4.2,63.857,26.26,9.4,0.56,True
bg_215,21.5462,79.09314,0,0.3161,0.2515,0.1676,0.2279,0.436,371.2,3.7,21.027,27.04,8.83,0.56,True
bg_34,21.74578,80.58489,0,0.3234,0.2335,0.1734,0.2383,0.4999,414.8,4.6,21.68,26.26,9.4,0.56,True
bg_6,22.11872,80.65818,0,0.3182,0.2395,0.1583,0.2334,0.4675,547.2,6.0,25.963,25.56,9.39,0.55,True
bg_183,22.00676,80.56157,0,0.4728,0.3409,0.2821,0.3489,0.3235,547.2,8.7,9.69,25.56,9.39,0.55,True
bg_273,20.9947,79.5001,0,0.3093,0.2043,0.1497,0.1853,0.4981,282.6,2.7,17.779,27.54,8.94,0.56,True
bg_54,20.81287,79.28679,0,0.3319,0.2536,0.1664,0.2143,0.4751,282.6,2.2,20.529,27.54,8.94,0.56,True
Chikla_Mine_ext_1,21.30583,79.65307,1,0.7173,0.5583,0.4621,0.5218,0.3696,371.2,12.5,1.005,27.04,8.83,0.56,True
Barabil_Mine_ext_5,22.10476,85.37273,1,0.3172,0.2161,0.1641,0.1948,0.4575,409.3,4.6,539.002,24.96,9.62,0.62,True
bg_420,22.35875,80.0715,0,0.3159,0.2104,0.1658,0.2286,0.5041,508.3,6.6,48.736,25.74,9.89,0.58,True
bg_53,20.84659,80.51656,0,0.2824,0.1907,0.157,0.1972,0.4534,349.6,2.3,107.577,26.51,9.7,0.54,True
bg_156,22.08316,79.35861,0,0.3048,0.1999,0.1814,0.1932,0.3954,557.7,5.7,36.68,25.76,9.21,0.57,True
bg_208,20.58632,80.55747,0,0.351,0.2493,0.1832,0.2066,0.4481,343.9,3.3,127.277,26.4,10.08,0.54,True
Beldongri_Mine_ext_3,21.15294,79.15366,1,0.6883,0.543,0.4084,0.4755,0.4047,282.6,10.2,3.027,27.54,8.94,0.56,True
bg_162,21.38306,80.14674,0,0.3098,0.2136,0.1607,0.1852,0.4394,342.1,4.0,49.842,27.04,9.66,0.55,True
Dongri_Buzurg,20.99,79.34,1,0.7621,0.5789,0.463,0.5299,0.3193,282.6,11.0,0.0,27.54,8.94,0.56,True
Ukwa_Mine_ext_5,21.91919,80.51475,1,0.7377,0.567,0.4535,0.528,0.3805,547.2,15.3,1.334,25.56,9.39,0.55,True
bg_432,21.07726,80.33408,0,0.3007,0.2103,0.1877,0.2306,0.423,349.6,2.7,78.802,26.51,9.7,0.54,True
Ramtek_Mine,21.4,79.33,1,0.6658,0.5608,0.4149,0.4861,0.3598,371.2,11.5,2.482,27.04,8.83,0.56,True
bg_419,21.83729,79.00642,0,0.2909,0.209,0.1466,0.219,0.4538,637.8,8.6,51.728,25.39,8.91,0.56,True
bg_170,20.66821,80.33981,0,0.2873,0.2121,0.1958,0.208,0.457,343.9,4.0,103.015,26.4,10.08,0.54,True
bg_430,20.72967,79.11417,0,0.3214,0.2109,0.166,0.2184,0.443,243.6,2.1,38.254,27.75,9.01,0.57,True
bg_159,21.48884,79.44009,0,0.2818,0.2404,0.1735,0.2212,0.4711,371.2,3.6,17.99,27.04,8.83,0.56,True
bg_352,20.62216,79.04919,0,0.3056,0.2532,0.1449,0.2089,0.4241,274.2,2.3,52.049,27.91,7.53,0.53,True
bg_354,22.1124,79.31563,0,0.3256,0.2245,0.1586,0.2293,0.4032,557.7,5.6,40.789,25.76,9.21,0.57,True
Miragpur_Deposit_ext_4,21.71358,79.80853,1,0.3015,0.2608,0.1757,0.2036,0.4714,342.1,2.9,44.271,27.04,9.66,0.55,True
bg_60,22.40973,80.33378,0,0.2708,0.2134,0.1761,0.2027,0.468,602.7,6.6,57.121,25.09,9.48,0.58,True
bg_285,22.04464,79.52581,0,0.2863,0.2066,0.1967,0.1959,0.4474,557.7,7.7,21.375,25.76,9.21,0.57,True
Miragpur_Deposit_ext_2,21.66776,79.80418,1,0.3069,0.2335,0.185,0.2105,0.4783,342.1,4.2,43.846,27.04,9.66,0.55,True
Tirodi_Mine_ext_5,22.13609,79.68354,1,0.6615,0.5373,0.4168,0.4795,0.3733,557.7,13.6,2.683,25.76,9.21,0.57,True
bg_172,20.64553,80.00132,0,0.264,0.2429,0.1895,0.2225,0.4668,264.0,2.3,81.932,27.26,10.04,0.57,True
bg_196,20.73505,79.85768,0,0.3047,0.2406,0.1855,0.1998,0.4077,264.0,1.6,64.053,27.26,10.04,0.57,True
bg_152,21.08642,78.85705,0,0.2961,0.2122,0.1558,0.2398,0.4281,337.0,2.8,33.16,27.44,7.58,0.52,True
Balaghat_Mine_ext_5,21.82155,80.19977,1,0.726,0.5565,0.4491,0.5108,0.409,469.5,12.6,1.434,26.16,9.74,0.56,True
Sandur_Mine_ext_2,15.08385,76.52758,1,0.2851,0.2305,0.1577,0.2422,0.415,591.2,7.0,726.116,26.94,3.04,0.51,True
Kandri_Mine_ext_3,21.33284,79.33479,1,0.5733,0.4528,0.3465,0.4277,0.3775,371.2,9.1,5.486,27.04,8.83,0.56,True
bg_132,22.21683,78.6963,0,0.3042,0.2322,0.1716,0.2024,0.4498,637.8,7.9,105.176,25.39,8.91,0.56,True
bg_220,21.66863,78.89486,0,0.303,0.2252,0.186,0.2176,0.4526,454.8,5.2,40.471,26.8,7.89,0.55,True
bg_324,20.75609,78.65032,0,0.3101,0.2284,0.1558,0.2053,0.4321,337.0,4.5,73.938,27.44,7.58,0.52,True
Ukwa_Mine_ext_4,21.90928,80.52676,1,0.6886,0.5458,0.4203,0.508,0.3483,547.2,13.0,2.419,25.56,9.39,0.55,True
Gumgaon_Mine,21.33,79.03,1,0.7628,0.6318,0.4703,0.5522,0.3263,454.8,15.1,0.0,26.8,7.89,0.55,True
bg_242,22.32185,79.69351,0,0.2627,0.2357,0.2029,0.2092,0.4396,508.3,5.2,18.028,25.74,9.89,0.58,True
bg_310,22.22473,80.67181,0,0.2785,0.2162,0.164,0.2204,0.4434,547.2,6.3,36.8,25.56,9.39,0.55,True
Balaghat_Mine_ext_3,21.82579,80.18579,1,0.7451,0.5872,0.4892,0.5036,0.3569,469.5,14.3,0.661,26.16,9.74,0.56,True
bg_254,22.47455,79.80273,0,0.3096,0.2382,0.1881,0.2009,0.4637,508.3,5.1,37.479,25.74,9.89,0.58,True
bg_320,21.7668,78.67699,0,0.3234,0.2546,0.1467,0.2297,0.4458,637.8,9.3,62.339,25.39,8.91,0.56,True
Sitapatore_Mine,21.52,79.72,1,0.3306,0.2196,0.1566,0.2322,0.3896,342.1,4.3,25.312,27.04,9.66,0.55,True
bg_77,21.44694,79.84833,0,0.3143,0.2025,0.2,0.2092,0.3954,342.1,4.3,26.515,27.04,9.66,0.55,True
bg_217,21.8915,80.42034,0,0.3871,0.2821,0.2305,0.3237,0.4689,547.2,7.8,11.859,25.56,9.39,0.55,True
bg_426,21.14736,80.39677,0,0.2846,0.2304,0.1588,0.2041,0.4535,349.6,3.8,79.173,26.51,9.7,0.54,True
Barabil_Mine_ext_2,22.10072,85.40868,1,0.3113,0.2397,0.1619,0.2353,0.4455,409.3,4.2,542.974,24.96,9.62,0.62,True
bg_417,21.01581,79.64051,0,0.2882,0.1994,0.188,0.2016,0.4409,282.6,2.3,31.619,27.54,8.94,0.56,True
bg_198,21.99209,79.93554,0,0.3251,0.2819,0.1581,0.2352,0.4647,469.5,6.3,33.489,26.16,9.74,0.56,True
Dongri_Buzurg_ext_5,20.99619,79.30827,1,0.6447,0.5376,0.3955,0.4678,0.3212,282.6,9.3,3.588,27.54,8.94,0.56,True
bg_410,21.32079,80.00706,0,0.2769,0.2481,0.1496,0.2166,0.4642,342.1,2.8,38.593,27.04,9.66,0.55,True
bg_109,21.86601,79.41579,0,0.2975,0.2443,0.1623,0.2292,0.4394,557.7,6.7,43.875,25.76,9.21,0.57,True
bg_404,20.87313,79.11088,0,0.3424,0.2351,0.17,0.2383,0.4238,282.6,1.4,28.55,27.54,8.94,0.56,True
Dongri_Buzurg_ext_2,20.98792,79.33458,1,0.7078,0.571,0.4674,0.5603,0.3233,282.6,11.1,0.644,27.54,8.94,0.56,True
Bharweli_Mine_ext_1,21.85166,80.25162,1,0.7029,0.5734,0.424,0.4926,0.3682,469.5,13.2,1.312,26.16,9.74,0.56,True
bg_61,21.97579,78.84481,0,0.2983,0.1987,0.1641,0.2194,0.5024,637.8,8.7,74.564,25.39,8.91,0.56,True
Gumgaon_Mine_ext_2,21.3566,79.02067,1,0.6713,0.5149,0.4301,0.4713,0.3612,454.8,12.9,3.129,26.8,7.89,0.55,True
Barabil_Mine,22.12,85.4,1,0.3351,0.2398,0.1806,0.1972,0.4794,409.3,4.9,542.09,24.96,9.62,0.62,True
bg_113,20.54654,79.29799,0,0.3161,0.2225,0.1817,0.224,0.4387,243.6,2.6,49.444,27.75,9.01,0.57,True
Mansar_Mine_ext_1,21.43137,79.24666,1,0.7054,0.559,0.4709,0.5065,0.381,371.2,12.0,1.027,27.04,8.83,0.56,True
bg_37,21.56271,80.66161,0,0.2836,0.2082,0.159,0.2337,0.4368,414.8,4.6,43.694,26.26,9.4,0.56,True
bg_121,22.10696,79.46353,0,0.2683,0.2144,0.1557,0.203,0.4191,557.7,7.3,24.739,25.76,9.21,0.57,True
bg_421,21.61353,78.6751,0,0.3136,0.2449,0.1836,0.2102,0.4493,454.8,5.7,50.422,26.8,7.89,0.55,True
Sandur_Mine_ext_4,15.06409,76.55277,1,0.2582,0.2277,0.1598,0.2016,0.4331,591.2,7.1,726.902,26.94,3.04,0.51,True
bg_311,22.39904,79.59069,0,0.264,0.2107,0.1785,0.2053,0.472,608.5,7.1,28.325,25.23,9.62,0.57,True
Sandur_Mine,15.08,76.55,1,0.3189,0.2416,0.1882,0.201,0.497,591.2,8.2,725.436,26.94,3.04,0.51,True
bg_382,21.68718,79.00712,0,0.3401,0.224,0.1753,0.2331,0.4744,454.8,5.7,38.466,26.8,7.89,0.55,True
bg_84,21.24923,80.1023,0,0.294,0.2122,0.1433,0.2183,0.4438,291.9,1.9,49.418,27.2,9.85,0.56,True
bg_55,21.00049,80.38889,0,0.2737,0.2508,0.1638,0.2231,0.4418,349.6,3.9,87.471,26.51,9.7,0.54,True
bg_321,20.98029,80.10146,0,0.2924,0.2487,0.1788,0.2173,0.41,291.9,2.7,60.503,27.2,9.85,0.56,True
bg_187,21.61681,78.56102,0,0.3192,0.238,0.1569,0.2499,0.4679,454.8,5.6,61.02,26.8,7.89,0.55,True
bg_75,20.69567,80.67875,0,0.2934,0.2616,0.1794,0.2185,0.4182,343.9,3.8,131.481,26.4,10.08,0.54,True
bg_326,20.77765,79.74083,0,0.3472,0.1892,0.1703,0.2108,0.4518,291.9,1.9,50.35,27.2,9.85,0.56,True
Ramtek_Mine_ext_1,21.36546,79.32952,1,0.7061,0.58,0.4348,0.512,0.3471,371.2,10.4,1.929,27.04,8.83,0.56,True
bg_425,20.87409,79.86254,0,0.3384,0.2232,0.1786,0.2308,0.4242,291.9,2.6,52.349,27.2,9.85,0.56,True
bg_48,20.5507,79.07153,0,0.3246,0.2261,0.1628,0.2324,0.4352,243.6,1.3,57.147,27.75,9.01,0.57,True
bg_165,20.73413,79.01054,0,0.3068,0.2201,0.1638,0.2226,0.4838,274.2,2.1,46.304,27.91,7.53,0.53,True
bg_334,20.88458,80.50123,0,0.2799,0.2542,0.1621,0.2221,0.4516,349.6,3.3,104.142,26.51,9.7,0.54,True
bg_74,21.44835,79.56261,0,0.309,0.2114,0.1796,0.2216,0.4242,371.2,3.7,19.698,27.04,8.83,0.56,True
bg_32,22.03999,79.38295,0,0.3179,0.2187,0.145,0.2031,0.4251,557.7,6.1,35.562,25.76,9.21,0.57,True
bg_294,22.01027,79.07424,0,0.2867,0.2099,0.2026,0.2249,0.427,557.7,6.0,66.238,25.76,9.21,0.57,True
bg_316,21.41827,78.58512,0,0.3292,0.2477,0.1668,0.223,0.415,454.8,5.5,50.344,26.8,7.89,0.55,True
bg_309,21.74417,80.73343,0,0.2636,0.1979,0.1582,0.2088,0.4694,414.8,4.9,31.412,26.26,9.4,0.56,True
bg_174,21.91248,78.72872,0,0.3082,0.212,0.164,0.2425,0.4467,637.8,8.0,72.792,25.39,8.91,0.56,True
Keonjhar_Deposit_ext_1,21.61399,85.56532,1,0.2827,0.2376,0.1836,0.2153,0.4344,341.5,3.0,561.128,25.34,9.52,0.61,True
bg_359,21.46905,78.54111,0,0.3027,0.2164,0.1691,0.2278,0.4165,454.8,6.4,56.419,26.8,7.89,0.55,True
Sausar_South_ext_2,21.67525,78.75477,1,0.2702,0.2328,0.1518,0.1827,0.4481,454.8,5.5,49.01,26.8,7.89,0.55,True
bg_252,21.25293,80.15381,0,0.3081,0.2257,0.19,0.251,0.4256,342.1,3.5,55.061,27.04,9.66,0.55,True
bg_424,22.03899,79.60535,0,0.332,0.2273,0.1599,0.2299,0.4591,557.7,5.8,15.782,25.76,9.21,0.57,True
Sandur_Mine_ext_5,15.08105,76.52943,1,0.3073,0.2157,0.1771,0.2206,0.4336,591.2,6.7,726.308,26.94,3.04,0.51,True
bg_219,21.75512,79.70909,0,0.3256,0.2489,0.1696,0.233,0.4104,469.5,5.2,45.058,26.16,9.74,0.56,True
bg_240,21.86946,79.46317,0,0.3064,0.2151,0.1841,0.2347,0.4905,557.7,6.4,40.241,25.76,9.21,0.57,True
bg_307,22.06731,79.1839,0,0.3324,0.2409,0.1948,0.1882,0.433,557.7,7.0,56.02,25.76,9.21,0.57,True
bg_361,21.23783,79.48388,0,0.2999,0.1994,0.1686,0.2232,0.4427,282.6,2.5,20.732,27.54,8.94,0.56,True
bg_190,20.72239,79.46928,0,0.304,0.2244,0.1636,0.1875,0.4048,243.6,1.2,32.989,27.75,9.01,0.57,True
bg_181,22.3945,78.97146,0,0.275,0.2435,0.1762,0.2058,0.4331,649.4,8.9,82.843,25.06,9.84,0.55,True
bg_236,21.89632,79.88119,0,0.2966,0.196,0.1788,0.2333,0.4504,469.5,5.0,35.059,26.16,9.74,0.56,True
bg_398,21.71155,79.01478,0,0.3019,0.2347,0.1742,0.2208,0.4272,454.8,5.0,39.878,26.8,7.89,0.55,True
bg_211,22.48593,78.55168,0,0.2826,0.2246,0.1654,0.2283,0.439,649.4,7.5,130.364,25.06,9.84,0.55,True
Mansar_Mine,21.44,79.25,1,0.7645,0.6098,0.4456,0.5445,0.3642,371.2,11.9,0.0,27.04,8.83,0.56,True
bg_19,20.68796,79.70305,0,0.2658,0.2069,0.1332,0.2377,0.4325,264.0,2.2,52.421,27.26,10.04,0.57,True
bg_137,22.30511,80.22491,0,0.276,0.2682,0.1625,0.2,0.462,508.3,5.7,49.561,25.74,9.89,0.58,True
bg_222,20.59089,78.5423,0,0.3208,0.2169,0.1922,0.2131,0.47,274.2,2.7,94.874,27.91,7.53,0.53,True
Beldongri_Mine_ext_5,21.16009,79.17578,1,0.7443,0.5537,0.447,0.535,0.3857,282.6,10.3,0.469,27.54,8.94,0.56,True
Barabil_Mine_ext_3,22.11598,85.41285,1,0.2875,0.2545,0.185,0.2223,0.4884,409.3,4.2,543.499,24.96,9.62,0.62,True
bg_422,21.64323,80.45778,0,0.2789,0.2293,0.1473,0.2152,0.3893,414.8,3.9,32.572,26.26,9.4,0.56,True
bg_243,22.14507,78.60802,0,0.3136,0.2392,0.1752,0.2118,0.4059,637.8,6.7,101.879,25.39,8.91,0.56,True
bg_146,21.13863,80.28371,0,0.3068,0.2117,0.1872,0.2155,0.4472,291.9,3.1,71.511,27.2,9.85,0.56,True
bg_397,22.47303,79.01621,0,0.297,0.2176,0.1992,0.2092,0.4211,649.4,8.0,81.463,25.06,9.84,0.55,True
bg_182,22.472,79.17424,0,0.3155,0.2355,0.1716,0.1967,0.4384,608.5,8.1,65.962,25.23,9.62,0.57,True
bg_30,20.75412,79.03409,0,0.307,0.2077,0.1472,0.2091,0.4022,337.0,2.5,42.878,27.44,7.58,0.52,True
bg_150,21.76367,79.42176,0,0.3037,0.2416,0.173,0.2096,0.4175,557.7,7.2,40.673,25.76,9.21,0.57,True
bg_340,20.74127,80.79525,0,0.2915,0.2486,0.1633,0.2235,0.4341,343.9,3.7,135.44,26.4,10.08,0.54,True
Mansar_Mine_ext_2,21.42009,79.22847,1,0.668,0.5088,0.4164,0.4584,0.3538,371.2,11.6,3.255,27.04,8.83,0.56,True
bg_435,21.46228,80.49478,0,0.3229,0.2481,0.1909,0.2218,0.5135,414.8,3.9,51.265,26.26,9.4,0.56,True
bg_79,21.3677,79.90634,0,0.3616,0.233,0.1742,0.231,0.4213,342.1,3.4,28.358,27.04,9.66,0.55,True
bg_192,20.52271,80.38012,0,0.296,0.2232,0.1519,0.21,0.4571,343.9,3.4,117.616,26.4,10.08,0.54,True
bg_26,20.561,79.56416,0,0.2752,0.2021,0.1751,0.2431,0.5066,243.6,1.8,53.728,27.75,9.01,0.57,True
bg_353,21.05376,78.75409,0,0.3044,0.197,0.1764,0.2254,0.4183,337.0,4.1,43.338,27.44,7.58,0.52,True
bg_27,20.5747,79.19317,0,0.3204,0.2035,0.1465,0.1972,0.4607,243.6,2.9,48.895,27.75,9.01,0.57,True
bg_250,20.59044,79.164,0,0.2971,0.2483,0.151,0.226,0.4752,243.6,2.1,48.463,27.75,9.01,0.57,True
bg_224,22.40082,78.77083,0,0.2916,0.2286,0.1442,0.2195,0.4127,649.4,7.7,104.398,25.06,9.84,0.55,True
bg_3,21.90497,80.71956,0,0.3182,0.2151,0.1645,0.2239,0.4388,547.2,7.1,22.325,25.56,9.39,0.55,True
bg_325,20.80381,79.22517,0,0.283,0.253,0.1557,0.1993,0.5266,282.6,2.6,24.282,27.54,8.94,0.56,True
Sukli_Deposit,21.72,79.85,1,0.3103,0.1949,0.1675,0.2133,0.4317,342.1,3.7,39.666,27.04,9.66,0.55,True
bg_23,21.58529,80.37818,0,0.3025,0.1875,0.1755,0.2439,0.429,414.8,4.5,33.195,26.26,9.4,0.56,True
bg_123,20.85488,79.33351,0,0.2968,0.2454,0.1781,0.2126,0.4279,282.6,2.4,15.016,27.54,8.94,0.56,True
bg_210,21.5554,79.47799,0,0.2754,0.2228,0.1969,0.2048,0.4144,371.2,4.2,26.203,27.04,8.83,0.56,True
Sukli_Deposit_ext_1,21.70246,79.86417,1,0.3257,0.2173,0.1567,0.249,0.4827,342.1,3.9,38.839,27.04,9.66,0.55,True
bg_356,20.86904,79.18151,0,0.3107,0.1865,0.1721,0.2067,0.4799,282.6,3.4,22.131,27.54,8.94,0.56,True
bg_178,21.24854,80.40951,0,0.2811,0.2506,0.1642,0.2073,0.4077,349.6,4.2,68.988,26.51,9.7,0.54,True
bg_303,21.37495,79.80627,0,0.2702,0.2302,0.1715,0.2317,0.4461,342.1,2.7,18.243,27.04,9.66,0.55,True
bg_2,21.89403,80.41042,0,0.3366,0.2637,0.1924,0.2685,0.3985,547.2,8.5,12.802,25.56,9.39,0.55,True
bg_64,21.3392,80.15608,0,0.2927,0.2358,0.186,0.2084,0.4697,342.1,3.8,54.609,27.04,9.66,0.55,True
bg_83,20.59061,79.79981,0,0.3106,0.2187,0.1567,0.2318,0.5213,264.0,1.9,67.604,27.26,10.04,0.57,True
bg_130,21.18161,78.84192,0,0.2862,0.2389,0.1806,0.207,0.3773,337.0,3.4,26.592,27.44,7.58,0.52,True
bg_248,22.36546,79.0643,0,0.2772,0.2309,0.1834,0.2089,0.4619,608.5,7.3,72.047,25.23,9.62,0.57,True
bg_291,21.30697,80.0152,0,0.2885,0.2163,0.1386,0.1997,0.4159,342.1,4.0,39.435,27.04,9.66,0.55,True
bg_322,20.65173,79.28171,0,0.2855,0.1924,0.1776,0.2217,0.5248,243.6,2.8,38.101,27.75,9.01,0.57,True
bg_241,20.82523,79.38122,0,0.3074,0.2024,0.1437,0.2366,0.4793,282.6,1.7,18.853,27.54,8.94,0.56,True
bg_357,20.9187,79.0373,0,0.2814,0.2512,0.1885,0.2128,0.4789,337.0,1.9,31.117,27.44,7.58,0.52,True
bg_221,22.30232,79.12631,0,0.2892,0.2346,0.1817,0.1875,0.4521,608.5,8.0,63.457,25.23,9.62,0.57,True
bg_5,21.08718,80.181,0,0.2788,0.237,0.1853,0.2502,0.4333,291.9,2.7,62.47,27.2,9.85,0.56,True
bg_244,22.3996,78.88245,0,0.2994,0.2193,0.1673,0.2351,0.4559,649.4,8.7,92.437,25.06,9.84,0.55,True
bg_107,20.53644,78.51065,0,0.3117,0.1954,0.1868,0.2324,0.4686,274.2,2.4,101.543,27.91,7.53,0.53,True
bg_385,21.49688,79.30529,0,0.4952,0.3523,0.3003,0.3499,0.4135,371.2,8.1,8.805,27.04,8.83,0.56,True
bg_103,22.3107,79.41771,0,0.3064,0.2333,0.1711,0.2016,0.467,608.5,6.5,33.578,25.23,9.62,0.57,True
bg_9,22.32648,80.20458,0,0.3409,0.2214,0.1443,0.2198,0.4999,508.3,6.3,52.143,25.74,9.89,0.58,True
bg_387,21.57421,80.72894,0,0.3213,0.2415,0.1873,0.21,0.4685,414.8,4.5,45.799,26.26,9.4,0.56,True
bg_226,21.41131,79.13033,0,0.3494,0.2519,0.2027,0.2458,0.4434,371.2,4.9,13.66,27.04,8.83,0.56,True
bg_275,20.75832,80.38394,0,0.3134,0.22,0.159,0.2218,0.4436,349.6,4.1,100.362,26.51,9.7,0.54,True
bg_336,20.83787,80.51181,0,0.3037,0.2112,0.1828,0.2271,0.4702,349.6,3.6,107.57,26.51,9.7,0.54,True
bg_228,21.05476,79.99827,0,0.3161,0.2334,0.1958,0.2276,0.4291,291.9,3.4,46.377,27.2,9.85,0.56,True
bg_308,21.29309,80.62611,0,0.3421,0.2028,0.2058,0.2022,0.5068,414.8,5.4,71.671,26.26,9.4,0.56,True
bg_258,22.43983,80.18492,0,0.2886,0.2109,0.1636,0.2164,0.4214,508.3,5.9,64.078,25.74,9.89,0.58,True
bg_179,21.24128,79.41352,0,0.2933,0.2326,0.1841,0.2125,0.4801,282.6,2.0,18.57,27.54,8.94,0.56,True
bg_446,22.02046,80.39938,0,0.307,0.2085,0.1892,0.2096,0.4408,547.2,6.5,16.736,25.56,9.39,0.55,True
bg_379,21.15499,79.67918,0,0.2954,0.2223,0.196,0.2089,0.4669,282.6,3.4,16.236,27.54,8.94,0.56,True
bg_312,20.79415,80.4827,0,0.2847,0.2127,0.1989,0.2175,0.5029,349.6,3.1,107.201,26.51,9.7,0.54,True
Barabil_Mine_ext_4,22.12852,85.39869,1,0.2685,0.2152,0.151,0.2114,0.4481,409.3,5.1,541.983,24.96,9.62,0.62,True
bg_59,21.05987,79.41376,0,0.4088,0.3377,0.2606,0.3182,0.4256,282.6,4.1,11.277,27.54,8.94,0.56,True
bg_251,20.55273,79.31805,0,0.3134,0.1965,0.1641,0.2083,0.4511,243.6,1.0,48.598,27.75,9.01,0.57,True
bg_287,22.20436,79.74637,0,0.4936,0.4069,0.3064,0.3429,0.3662,469.5,9.4,8.861,26.16,9.74,0.56,True
bg_277,21.71235,80.0978,0,0.316,0.2066,0.1518,0.2342,0.4381,342.1,3.8,16.592,27.04,9.66,0.55,True
bg_200,22.42435,79.76971,0,0.3139,0.188,0.1744,0.2336,0.4688,508.3,5.1,30.986,25.74,9.89,0.58,True
bg_31,21.54449,80.56902,0,0.3098,0.2107,0.1697,0.2132,0.4183,414.8,4.4,43.136,26.26,9.4,0.56,True
bg_313,22.35318,80.44246,0,0.2742,0.215,0.1803,0.2319,0.4475,602.7,7.1,47.755,25.09,9.48,0.58,True
bg_117,21.89347,79.54061,0,0.3044,0.2237,0.1923,0.2132,0.4149,557.7,6.3,33.386,25.76,9.21,0.57,True
bg_191,21.48525,80.55314,0,0.3002,0.2372,0.1673,0.2014,0.4273,414.8,4.8,49.504,26.26,9.4,0.56,True
bg_255,20.80083,79.59492,0,0.3239,0.2395,0.1862,0.2159,0.4395,282.6,3.2,35.236,27.54,8.94,0.56,True
bg_44,22.09037,80.55595,0,0.3217,0.26,0.1616,0.2406,0.4459,547.2,6.4,18.243,25.56,9.39,0.55,True
bg_203,22.2372,80.68144,0,0.3154,0.2362,0.1762,0.2266,0.4452,547.2,6.8,38.521,25.56,9.39,0.55,True
bg_16,22.28001,78.87781,0,0.3062,0.2207,0.182,0.2452,0.4059,649.4,8.4,90.034,25.06,9.84,0.55,True
bg_78,20.8464,79.66354,0,0.2858,0.204,0.19,0.2313,0.4621,282.6,3.1,39.291,27.54,8.94,0.56,True
bg_301,21.67984,80.62807,0,0.3123,0.2457,0.1813,0.2045,0.4136,414.8,4.6,30.248,26.26,9.4,0.56,True
bg_142,21.2784,78.58406,0,0.2891,0.2437,0.1657,0.206,0.3784,454.8,4.9,49.83,26.8,7.89,0.55,True
bg_116,20.73633,79.01659,0,0.3158,0.21,0.1744,0.2224,0.4446,274.2,2.7,45.624,27.91,7.53,0.53,True
Sandur_Mine_ext_1,15.07196,76.56542,1,0.3306,0.2376,0.1774,0.2121,0.4142,500.5,5.4,725.515,27.84,2.83,0.48,True
bg_0,22.25475,79.3024,0,0.3469,0.1988,0.1457,0.2412,0.494,608.5,7.3,43.213,25.23,9.62,0.57,True
bg_429,20.98482,79.80118,0,0.3223,0.2189,0.1656,0.2243,0.4639,291.9,1.9,38.334,27.2,9.85,0.56,True
bg_108,20.68889,79.26705,0,0.3297,0.2375,0.1695,0.225,0.4134,243.6,2.8,34.39,27.75,9.01,0.57,True
bg_416,22.13414,80.16387,0,0.2892,0.2352,0.2012,0.2182,0.4689,469.5,4.9,32.246,26.16,9.74,0.56,True
bg_302,21.28449,78.91532,0,0.3344,0.2553,0.1987,0.2548,0.4221,454.8,5.5,13.695,26.8,7.89,0.55,True
bg_234,22.44879,80.50995,0,0.3248,0.2186,0.1712,0.2506,0.428,602.7,8.1,57.596,25.09,9.48,0.58,True
bg_7,22.12023,78.91684,0,0.3291,0.2019,0.1562,0.2032,0.4358,637.8,8.0,84.075,25.39,8.91,0.56,True
bg_438,21.17321,80.10418,0,0.3107,0.2088,0.1955,0.218,0.4177,291.9,2.8,51.273,27.2,9.85,0.56,True
bg_169,20.70225,78.73945,0,0.2879,0.2362,0.1389,0.2341,0.4464,274.2,1.7,70.519,27.91,7.53,0.53,True
bg_402,20.99192,78.71042,0,0.2993,0.2171,0.157,0.2183,0.4588,337.0,3.3,51.639,27.44,7.58,0.52,True
bg_377,21.14416,79.99419,0,0.3129,0.237,0.1752,0.1922,0.47,291.9,2.2,40.93,27.2,9.85,0.56,True
Keonjhar_Deposit_ext_5,21.62524,85.62896,1,0.312,0.2289,0.196,0.1977,0.48,341.5,3.8,568.103,25.34,9.52,0.61,True
bg_327,21.78175,80.31866,0,0.4358,0.2992,0.264,0.2996,0.4331,547.2,8.3,10.855,25.56,9.39,0.55,True
bg_428,21.51522,80.05944,0,0.2932,0.2271,0.1868,0.2149,0.4333,342.1,3.8,37.827,27.04,9.66,0.55,True
bg_13,21.79993,80.32911,0,0.4491,0.3331,0.2768,0.346,0.4388,547.2,8.6,10.164,25.56,9.39,0.55,True
bg_395,21.64156,78.85396,0,0.3169,0.2535,0.1879,0.2387,0.4431,454.8,5.9,39.722,26.8,7.89,0.55,True
Kandri_Mine_ext_2,21.37936,79.34816,1,0.6906,0.4778,0.4105,0.4735,0.4175,371.2,10.9,3.127,27.04,8.83,0.56,True
bg_49,22.4253,80.21108,0,0.3248,0.2291,0.1766,0.247,0.4279,508.3,6.1,62.983,25.74,9.89,0.58,True
Sitapatore_Mine_ext_5,21.52464,79.71866,1,0.2986,0.2534,0.1859,0.217,0.5045,342.1,3.4,25.771,27.04,9.66,0.55,True
bg_167,22.02302,80.04535,0,0.3062,0.2276,0.2077,0.2238,0.5073,469.5,4.8,26.774,26.16,9.74,0.56,True
Gowari_Wadhona_ext_1,21.58409,79.04353,1,0.2902,0.2251,0.1883,0.2075,0.5125,454.8,4.5,27.947,26.8,7.89,0.55,True
bg_126,22.48101,78.53012,0,0.3112,0.2187,0.1507,0.2097,0.4272,649.4,7.9,132.517,25.06,9.84,0.55,True
bg_67,22.01569,79.74827,0,0.3078,0.2277,0.1715,0.2058,0.4853,469.5,5.3,17.72,26.16,9.74,0.56,True
bg_368,21.52335,79.46044,0,0.3011,0.2196,0.1549,0.2154,0.4171,371.2,3.4,22.276,27.04,8.83,0.56,True
bg_39,21.77486,79.27028,0,0.3454,0.2408,0.1831,0.2168,0.3954,557.7,6.9,37.238,25.76,9.21,0.57,True
Ukwa_Mine,21.93,80.52,1,0.7525,0.6127,0.4645,0.5322,0.3756,547.2,16.1,0.0,25.56,9.39,0.55,True
Chikla_Mine_ext_5,21.30596,79.67756,1,0.7008,0.5673,0.4132,0.5022,0.3682,371.2,10.8,2.058,27.04,8.83,0.56,True
Dongri_Buzurg_ext_4,20.98171,79.35903,1,0.6887,0.5254,0.4033,0.5114,0.3372,282.6,11.0,2.304,27.54,8.94,0.56,True
bg_50,22.17196,78.57712,0,0.2956,0.2771,0.1454,0.2381,0.4604,637.8,7.5,106.12,25.39,8.91,0.56,True
bg_22,21.4312,79.40262,0,0.4179,0.3159,0.2585,0.3023,0.4633,371.2,7.0,10.789,27.04,8.83,0.56,True
bg_360,21.73651,80.77176,0,0.2903,0.2166,0.1889,0.1939,0.4757,414.8,4.7,35.245,26.26,9.4,0.56,True
bg_290,22.25331,80.35509,0,0.3059,0.2509,0.1835,0.2069,0.4457,602.7,7.1,40.286,25.09,9.48,0.58,True
bg_105,20.63872,79.27095,0,0.317,0.2149,0.1668,0.2394,0.5146,243.6,2.7,39.738,27.75,9.01,0.57,True
bg_388,21.67368,80.53271,0,0.3034,0.2009,0.1753,0.2458,0.4409,414.8,5.2,28.486,26.26,9.4,0.56,True
Miragpur_Deposit_ext_5,21.65856,79.81182,1,0.291,0.2094,0.1474,0.1955,0.4172,342.1,3.9,43.221,27.04,9.66,0.55,True
Gumgaon_Mine_ext_3,21.31545,79.02097,1,0.6688,0.5369,0.4169,0.508,0.3836,454.8,13.0,1.901,26.8,7.89,0.55,True
bg_124,22.00123,79.83535,0,0.2969,0.2265,0.1537,0.202,0.4476,469.5,6.2,24.656,26.16,9.74,0.56,True
bg_329,21.19133,79.93955,0,0.2964,0.2345,0.1572,0.2204,0.4647,291.9,3.6,33.292,27.2,9.85,0.56,True
bg_238,21.11906,78.90335,0,0.2861,0.1938,0.1673,0.2101,0.4562,337.0,3.5,27.31,27.44,7.58,0.52,True
bg_338,20.85402,80.65986,0,0.3145,0.2279,0.1683,0.218,0.4894,349.6,3.8,120.161,26.51,9.7,0.54,True
bg_58,21.82039,78.79322,0,0.2843,0.2251,0.1846,0.2479,0.4805,637.8,7.6,60.446,25.39,8.91,0.56,True
bg_351,22.34174,80.19644,0,0.2923,0.258,0.1532,0.219,0.4704,508.3,6.3,53.937,25.74,9.89,0.58,True
Mansar_Mine_ext_5,21.44651,79.23839,1,0.7228,0.5947,0.4356,0.4896,0.4071,371.2,12.0,1.477,27.04,8.83,0.56,True
bg_403,20.82136,80.51816,0,0.3174,0.1958,0.1625,0.2047,0.4203,349.6,4.1,109.07,26.51,9.7,0.54,True
bg_423,21.05996,79.63884,0,0.2804,0.2145,0.1629,0.2059,0.4851,282.6,2.6,26.748,27.54,8.94,0.56,True
bg_87,22.21298,78.85084,0,0.2763,0.2564,0.1904,0.1789,0.4544,637.8,7.3,92.224,25.39,8.91,0.56,True
bg_279,21.8434,79.85753,0,0.2949,0.2046,0.1729,0.1798,0.4356,469.5,4.2,36.934,26.16,9.74,0.56,True
bg_166,20.78598,79.03147,0,0.2903,0.2353,0.1887,0.2117,0.4516,337.0,3.3,41.057,27.44,7.58,0.52,True
bg_245,21.95144,80.19748,0,0.3718,0.2671,0.2385,0.2933,0.4115,469.5,7.3,12.295,26.16,9.74,0.56,True
bg_284,21.54062,80.68555,0,0.3192,0.2335,0.1824,0.2302,0.4453,414.8,2.9,46.965,26.26,9.4,0.56,True
bg_138,21.5105,78.98278,0,0.3223,0.2267,0.1701,0.2034,0.4849,454.8,5.1,20.71,26.8,7.89,0.55,True
bg_378,20.9229,79.89779,0,0.3254,0.2609,0.1954,0.2339,0.5157,291.9,3.6,49.485,27.2,9.85,0.56,True
Balaghat_Mine_ext_4,21.85843,80.20381,1,0.6677,0.5148,0.3695,0.4823,0.3904,469.5,11.8,3.508,26.16,9.74,0.56,True
bg_140,21.1401,78.97182,0,0.3298,0.2102,0.1618,0.2329,0.4445,337.0,3.5,22.046,27.44,7.58,0.52,True
bg_412,20.72408,78.70007,0,0.2854,0.2227,0.1789,0.2235,0.408,274.2,1.7,71.967,27.91,7.53,0.53,True
Sukli_Deposit_ext_4,21.7348,79.88414,1,0.3,0.2354,0.1612,0.2319,0.4452,342.1,2.5,35.557,27.04,9.66,0.55,True
bg_110,20.64238,79.73601,0,0.2869,0.2325,0.1636,0.2239,0.4235,264.0,1.8,58.49,27.26,10.04,0.57,True
bg_394,21.79183,80.10085,0,0.4363,0.3347,0.2574,0.3183,0.3863,469.5,8.1,10.765,26.16,9.74,0.56,True
bg_96,21.27634,80.76513,0,0.289,0.2276,0.1664,0.2274,0.4542,414.8,4.2,77.49,26.26,9.4,0.56,True
bg_389,21.99088,80.63383,0,0.3087,0.2547,0.2049,0.2043,0.4383,547.2,7.8,14.329,25.56,9.39,0.55,True
bg_51,21.89195,79.81075,0,0.3134,0.2321,0.146,0.2133,0.4641,469.5,4.6,33.105,26.16,9.74,0.56,True
Sukli_Deposit_ext_2,21.74085,79.83523,1,0.2825,0.2484,0.1972,0.2081,0.4595,342.1,3.2,40.604,27.04,9.66,0.55,True
bg_177,22.47328,80.4681,0,0.3128,0.1945,0.181,0.2242,0.4285,602.7,8.6,60.579,25.09,9.48,0.58,True
bg_98,21.41651,78.78672,0,0.2701,0.2246,0.1787,0.2223,0.4422,454.8,5.9,28.661,26.8,7.89,0.55,True
Sitapatore_Mine_ext_1,21.49452,79.71243,1,0.2981,0.2296,0.18,0.2162,0.4624,342.1,4.0,22.362,27.04,9.66,0.55,True
bg_293,20.55757,80.45315,0,0.3108,0.2078,0.166,0.2189,0.4548,343.9,3.4,120.592,26.4,10.08,0.54,True
Kandri_Mine_ext_5,21.38165,79.28422,1,0.6819,0.5227,0.41,0.4508,0.3807,371.2,10.6,3.976,27.04,8.83,0.56,True
Chikla_Mine_ext_2,21.28782,79.67101,1,0.7,0.5379,0.4472,0.5021,0.3925,371.2,13.2,1.822,27.04,8.83,0.56,True
bg_304,22.30832,80.60562,0,0.2821,0.2258,0.1505,0.2257,0.4565,602.7,7.1,43.056,25.09,9.48,0.58,True
bg_151,21.39689,79.78717,0,0.2874,0.2126,0.2062,0.2163,0.421,342.1,2.7,17.746,27.04,9.66,0.55,True
bg_213,21.60771,79.74576,0,0.2543,0.2213,0.1629,0.2052,0.4579,342.1,4.0,35.458,27.04,9.66,0.55,True
bg_81,21.7317,80.50588,0,0.2974,0.228,0.18,0.2135,0.4381,414.8,4.8,22.067,26.26,9.4,0.56,True
bg_14,21.90393,78.96374,0,0.3207,0.1815,0.1509,0.2089,0.4705,637.8,8.8,60.51,25.39,8.91,0.56,True
Dongri_Buzurg_ext_3,20.96339,79.32704,1,0.6406,0.506,0.3803,0.4906,0.3629,282.6,10.3,3.285,27.54,8.94,0.56,True
bg_367,22.29041,78.70565,0,0.2815,0.2282,0.1992,0.2099,0.4042,649.4,8.2,109.117,25.06,9.84,0.55,True
bg_114,22.12894,80.19625,0,0.297,0.1923,0.1755,0.2478,0.463,469.5,5.9,30.68,26.16,9.74,0.56,True
bg_144,22.31076,79.79913,0,0.3055,0.2246,0.1635,0.1964,0.4456,508.3,5.7,21.328,25.74,9.89,0.58,True
bg_265,22.22944,79.87274,0,0.2879,0.2124,0.1483,0.2353,0.3671,469.5,5.8,22.74,26.16,9.74,0.56,True
bg_173,22.14372,79.04782,0,0.2926,0.2542,0.173,0.2044,0.4943,637.8,7.7,70.195,25.39,8.91,0.56,True
bg_305,21.19651,78.57808,0,0.2838,0.2167,0.1717,0.2134,0.4585,337.0,2.4,52.306,27.44,7.58,0.52,True
bg_42,21.5326,79.92617,0,0.282,0.2255,0.1916,0.2313,0.4275,342.1,3.5,39.236,27.04,9.66,0.55,True
bg_278,20.95729,79.12593,0,0.2681,0.2025,0.1488,0.2161,0.4605,282.6,2.1,23.288,27.54,8.94,0.56,True
bg_392,21.06755,79.41136,0,0.3904,0.304,0.2283,0.3013,0.4077,282.6,3.9,11.698,27.54,8.94,0.56,True
bg_18,21.25117,80.02995,0,0.2641,0.2541,0.1499,0.2126,0.4259,342.1,4.2,41.421,27.04,9.66,0.55,True
Sitapatore_Mine_ext_2,21.51383,79.70556,1,0.2901,0.2448,0.1648,0.2167,0.4695,342.1,3.3,24.268,27.04,9.66,0.55,True
bg_15,22.09159,78.87641,0,0.2793,0.2361,0.176,0.2139,0.4624,637.8,8.8,83.371,25.39,8.91,0.56,True
bg_8,22.23414,78.65294,0,0.3003,0.2347,0.1763,0.215,0.4624,637.8,7.3,108.737,25.39,8.91,0.56,True
bg_431,21.72124,80.52085,0,0.3083,0.2304,0.1795,0.2322,0.4493,414.8,3.6,23.173,26.26,9.4,0.56,True
Bharweli_Mine_ext_2,21.86436,80.22556,1,0.6367,0.4839,0.3702,0.4739,0.4064,469.5,11.3,3.853,26.16,9.74,0.56,True
bg_212,20.64759,79.11796,0,0.3076,0.2392,0.1585,0.2137,0.4895,243.6,1.7,45.299,27.75,9.01,0.57,True
bg_230,21.4274,78.97477,0,0.37,0.2789,0.2254,0.2583,0.4633,454.8,7.5,12.429,26.8,7.89,0.55,True
Sitapatore_Mine_ext_4,21.55395,79.72314,1,0.3265,0.2335,0.1997,0.2101,0.4417,342.1,3.0,29.047,27.04,9.66,0.55,True
bg_185,20.667,78.69667,0,0.3033,0.2395,0.1795,0.2301,0.4087,274.2,2.3,76.635,27.91,7.53,0.53,True
Ukwa_Mine_ext_2,21.93122,80.49435,1,0.7146,0.5336,0.4006,0.4829,0.3514,547.2,13.3,2.85,25.56,9.39,0.55,True
bg_36,20.60336,78.76887,0,0.3089,0.2117,0.1753,0.2155,0.4191,274.2,1.7,76.556,27.91,7.53,0.53,True
Mansar_Mine_ext_4,21.4387,79.26806,1,0.6826,0.5719,0.4482,0.4751,0.3372,371.2,12.1,2.01,27.04,8.83,0.56,True
bg_266,22.1258,79.26876,0,0.3191,0.2259,0.1829,0.1963,0.4336,557.7,7.0,45.805,25.76,9.21,0.57,True
bg_68,20.52879,79.07914,0,0.3077,0.2356,0.1511,0.2204,0.3832,243.6,0.9,58.816,27.75,9.01,0.57,True
bg_381,22.28105,78.90601,0,0.2919,0.2173,0.1615,0.2157,0.4891,649.4,7.7,86.957,25.06,9.84,0.55,True
bg_99,21.59123,80.61794,0,0.2959,0.1854,0.1715,0.2354,0.5123,414.8,4.3,39.143,26.26,9.4,0.56,True
bg_296,21.90816,79.00878,0,0.2856,0.166,0.2129,0.2147,0.3981,637.8,7.5,58.458,25.39,8.91,0.56,True
bg_163,22.27541,80.01553,0,0.306,0.2117,0.1665,0.2329,0.4563,508.3,5.4,39.385,25.74,9.89,0.58,True
Gumgaon_Mine_ext_4,21.34648,79.03592,1,0.6819,0.5847,0.4164,0.5067,0.3583,454.8,12.3,1.944,26.8,7.89,0.55,True
bg_400,20.70356,79.86376,0,0.322,0.2174,0.1776,0.2431,0.4543,264.0,2.6,66.264,27.26,10.04,0.57,True
bg_223,21.06193,80.60289,0,0.2776,0.2422,0.1622,0.2224,0.3768,349.6,3.5,96.416,26.51,9.7,0.54,True
bg_120,21.97014,79.64625,0,0.3016,0.2271,0.1795,0.2278,0.4592,557.7,6.2,21.405,25.76,9.21,0.57,True
bg_88,21.81739,79.82546,0,0.3143,0.195,0.1757,0.2187,0.4787,469.5,5.5,40.488,26.16,9.74,0.56,True
bg_94,22.38046,79.53693,0,0.3077,0.2167,0.1592,0.2312,0.4147,608.5,7.1,29.172,25.23,9.62,0.57,True
bg_180,22.1256,80.0366,0,0.3214,0.2126,0.1522,0.2177,0.4965,469.5,5.8,36.967,26.16,9.74,0.56,True
bg_415,22.23101,79.09743,0,0.2682,0.2324,0.1827,0.2067,0.456,557.7,7.0,65.144,25.76,9.21,0.57,True
bg_135,22.00909,79.86939,0,0.3237,0.2179,0.1683,0.2147,0.4348,469.5,4.0,26.88,26.16,9.74,0.56,True
bg_439,20.76883,80.06432,0,0.2931,0.2464,0.1818,0.2124,0.4582,291.9,2.7,74.097,27.2,9.85,0.56,True
bg_350,22.24716,79.46912,0,0.3017,0.2224,0.1673,0.1999,0.3978,557.7,4.9,25.328,25.76,9.21,0.57,True
bg_344,21.50683,79.60371,0,0.2727,0.2365,0.1677,0.2514,0.4365,371.2,3.6,23.793,27.04,8.83,0.56,True
bg_445,21.86301,78.56727,0,0.2619,0.2152,0.1925,0.2168,0.4634,637.8,8.1,78.349,25.39,8.91,0.56,True
bg_188,21.34844,78.9173,0,0.37,0.3038,0.2383,0.2782,0.4145,454.8,7.2,12.676,26.8,7.89,0.55,True
bg_237,21.57219,80.02958,0,0.2695,0.2127,0.1613,0.2181,0.4125,342.1,3.7,33.705,27.04,9.66,0.55,True
bg_153,21.15733,78.91843,0,0.3043,0.2066,0.1334,0.2113,0.4263,337.0,3.1,22.819,27.44,7.58,0.52,True
bg_372,21.56523,79.91085,0,0.3034,0.2251,0.167,0.2088,0.4011,342.1,4.2,40.522,27.04,9.66,0.55,True
bg_333,20.84464,78.55612,0,0.2886,0.2075,0.1936,0.2092,0.4766,337.0,3.1,75.295,27.44,7.58,0.52,True
bg_82,21.77019,80.64387,0,0.2886,0.2255,0.1728,0.2197,0.4536,547.2,6.1,22.444,25.56,9.39,0.55,True
bg_41,22.4517,80.32626,0,0.2867,0.246,0.1545,0.2211,0.4605,602.7,7.1,61.773,25.09,9.48,0.58,True
Kandri_Mine_ext_1,21.38651,79.34768,1,0.674,0.5288,0.387,0.4712,0.3947,371.2,12.1,3.156,27.04,8.83,0.56,True
bg_100,22.38293,80.50076,0,0.2835,0.1898,0.1635,0.2186,0.4469,602.7,6.9,50.321,25.09,9.48,0.58,True
bg_288,21.60381,80.50778,0,0.3276,0.239,0.1694,0.18,0.4394,414.8,5.0,36.232,26.26,9.4,0.56,True
bg_71,20.58146,80.58944,0,0.3091,0.2405,0.1753,0.2239,0.3854,343.9,3.4,130.403,26.4,10.08,0.54,True
bg_365,21.00487,80.68491,0,0.2967,0.2404,0.2219,0.2157,0.4665,349.6,4.4,104.308,26.51,9.7,0.54,True
bg_195,20.73764,79.37329,0,0.2783,0.2275,0.1863,0.236,0.4407,243.6,1.2,28.255,27.75,9.01,0.57,True
bg_143,20.52168,79.58575,0,0.3267,0.194,0.1895,0.2127,0.4391,243.6,2.6,58.706,27.75,9.01,0.57,True
Keonjhar_Deposit_ext_3,21.63498,85.59489,1,0.3219,0.2284,0.1769,0.2314,0.4429,341.5,2.4,564.264,25.34,9.52,0.61,True
Gumgaon_Mine_ext_5,21.32046,79.03924,1,0.7261,0.5602,0.4547,0.5104,0.3523,454.8,14.0,1.474,26.8,7.89,0.55,True
bg_276,22.4081,80.33866,0,0.2816,0.2154,0.1791,0.2264,0.5119,602.7,7.0,56.758,25.09,9.48,0.58,True
Balaghat_Mine_ext_1,21.83894,80.18751,1,0.7063,0.6135,0.4478,0.5437,0.3294,469.5,13.5,1.03,26.16,9.74,0.56,True
bg_407,22.29353,80.698,0,0.3105,0.2121,0.1834,0.1807,0.4499,602.7,7.4,44.929,25.09,9.48,0.58,True
bg_246,21.72683,78.69044,0,0.3319,0.2219,0.1726,0.2098,0.4335,454.8,5.6,57.973,26.8,7.89,0.55,True
Gumgaon_Mine_ext_1,21.32605,79.03643,1,0.7193,0.5882,0.4539,0.5126,0.3754,454.8,13.8,0.838,26.8,7.89,0.55,True
bg_306,21.52798,80.10407,0,0.3265,0.201,0.1792,0.2113,0.4588,342.1,3.5,34.855,27.04,9.66,0.55,True
Linga_Deposit_ext_2,21.93088,78.90852,1,0.3176,0.2321,0.1755,0.2065,0.4456,637.8,7.0,66.375,25.39,8.91,0.56,True
bg_86,21.50627,80.12665,0,0.3061,0.2049,0.1836,0.2236,0.4183,342.1,3.3,36.616,27.04,9.66,0.55,True
Chikla_Mine_ext_4,21.28489,79.65443,1,0.7562,0.5672,0.44,0.4985,0.3374,371.2,12.0,1.788,27.04,8.83,0.56,True
bg_318,21.48524,79.02902,0,0.2891,0.2081,0.1593,0.2346,0.4411,454.8,4.9,17.232,26.8,7.89,0.55,True
bg_147,22.40012,79.54256,0,0.2705,0.2563,0.1606,0.2329,0.4204,608.5,8.0,30.711,25.23,9.62,0.57,True
bg_315,21.01649,80.40651,0,0.3114,0.2244,0.1818,0.227,0.4572,349.6,3.8,88.637,26.51,9.7,0.54,True
bg_343,21.22854,79.42444,0,0.3253,0.244,0.1881,0.187,0.4375,282.6,2.9,20.422,27.54,8.94,0.56,True
bg_331,21.44792,79.91649,0,0.2725,0.202,0.1788,0.2112,0.402,342.1,3.4,32.866,27.04,9.66,0.55,True
bg_253,22.12111,79.18338,0,0.3046,0.2245,0.1725,0.2182,0.4816,557.7,5.8,55.294,25.76,9.21,0.57,True
Miragpur_Deposit_ext_1,21.68451,79.80624,1,0.2805,0.191,0.1725,0.2116,0.4273,342.1,3.3,45.556,27.04,9.66,0.55,True
bg_225,22.28053,79.82599,0,0.2942,0.2248,0.1526,0.2051,0.4562,508.3,5.0,21.014,25.74,9.89,0.58,True
bg_231,21.2067,78.52529,0,0.2924,0.2488,0.1733,0.2194,0.4076,337.0,3.4,57.67,27.44,7.58,0.52,True
bg_125,22.11367,79.95421,0,0.2865,0.22,0.1729,0.2198,0.4476,469.5,5.4,30.869,26.16,9.74,0.56,True
Ukwa_Mine_ext_1,21.95638,80.51594,1,0.6487,0.5422,0.4153,0.4845,0.3777,547.2,13.6,2.963,25.56,9.39,0.55,True
bg_201,21.24974,79.50309,0,0.2859,0.2462,0.1756,0.2297,0.4627,282.6,2.8,18.289,27.54,8.94,0.56,True
bg_274,21.40109,79.06672,0,0.4907,0.3914,0.3093,0.3368,0.4247,371.2,6.6,8.881,27.04,8.83,0.56,True
bg_157,22.07924,79.12271,0,0.3546,0.225,0.1749,0.2096,0.4293,557.7,7.5,62.505,25.76,9.21,0.57,True
bg_46,21.37794,78.84885,0,0.3027,0.245,0.1974,0.2043,0.4341,454.8,4.7,20.8,26.8,7.89,0.55,True
bg_442,21.14471,78.86479,0,0.3308,0.2647,0.207,0.2389,0.4249,337.0,3.4,27.555,27.44,7.58,0.52,True
bg_373,20.98494,78.88418,0,0.3266,0.2326,0.168,0.2177,0.4584,337.0,3.9,38.155,27.44,7.58,0.52,True
bg_433,21.66248,80.01444,0,0.2747,0.2254,0.2068,0.2231,0.431,342.1,3.3,26.935,27.04,9.66,0.55,True
bg_393,21.22616,80.24395,0,0.3362,0.2201,0.2104,0.2191,0.4738,291.9,3.2,65.335,27.2,9.85,0.56,True
bg_127,21.32524,80.02614,0,0.2603,0.2301,0.2048,0.2331,0.459,342.1,3.4,40.738,27.04,9.66,0.55,True
bg_70,20.59201,78.91767,0,0.2967,0.2007,0.1376,0.214,0.4651,274.2,1.6,64.414,27.91,7.53,0.53,True
bg_364,20.57337,79.00198,0,0.3067,0.2211,0.195,0.2365,0.4484,274.2,1.7,59.552,27.91,7.53,0.53,True
bg_399,20.97445,79.73504,0,0.3035,0.2278,0.1776,0.2239,0.4667,291.9,2.3,37.084,27.2,9.85,0.56,True
Beldongri_Mine_ext_4,21.16533,79.1847,1,0.733,0.5866,0.4862,0.5051,0.3689,282.6,10.8,0.789,27.54,8.94,0.56,True
bg_363,21.99494,80.06319,0,0.2984,0.2553,0.1604,0.2057,0.5057,469.5,6.5,23.094,26.16,9.74,0.56,True
bg_136,20.70625,78.65428,0,0.3502,0.2354,0.1883,0.2268,0.4458,274.2,2.4,77.085,27.91,7.53,0.53,True
Tirodi_Mine_ext_3,22.17481,79.65802,1,0.6316,0.4754,0.4085,0.494,0.3991,557.7,14.1,2.942,25.76,9.21,0.57,True
bg_199,21.66674,79.44165,0,0.3088,0.2185,0.1684,0.2036,0.4713,371.2,3.4,32.954,27.04,8.83,0.56,True
bg_348,21.7558,80.26703,0,0.3864,0.3102,0.2252,0.3047,0.3945,469.5,6.4,11.592,26.16,9.74,0.56,True
bg_40,21.95218,78.82033,0,0.3201,0.2247,0.1781,0.2341,0.4042,637.8,7.6,72.878,25.39,8.91,0.56,True
bg_160,20.61512,78.55839,0,0.3157,0.2153,0.1773,0.2116,0.4432,274.2,2.0,91.754,27.91,7.53,0.53,True
bg_72,22.21092,79.8418,0,0.3036,0.2211,0.1776,0.2073,0.4493,469.5,4.7,18.828,26.16,9.74,0.56,True
bg_272,22.19929,80.08333,0,0.2606,0.2419,0.1994,0.2335,0.4623,469.5,4.2,42.461,26.16,9.74,0.56,True
bg_300,21.20118,80.12282,0,0.2852,0.2147,0.1663,0.2213,0.4591,291.9,2.7,52.531,27.2,9.85,0.56,True
bg_380,20.73952,79.03054,0,0.2716,0.2108,0.1717,0.2079,0.439,274.2,2.5,44.192,27.91,7.53,0.53,True
bg_229,20.87624,80.40841,0,0.2879,0.2448,0.1923,0.2153,0.4479,349.6,3.9,95.466,26.51,9.7,0.54,True
bg_194,20.61261,79.09667,0,0.28,0.2217,0.1917,0.2188,0.4819,243.6,2.2,49.843,27.75,9.01,0.57,True
bg_10,21.52268,79.82129,0,0.3176,0.2173,0.162,0.2022,0.4733,342.1,2.2,30.52,27.04,9.66,0.55,True
Sukli_Deposit_ext_3,21.73734,79.85743,1,0.2932,0.2175,0.1894,0.2351,0.4671,342.1,3.8,38.321,27.04,9.66,0.55,True
bg_259,22.18424,78.99436,0,0.2851,0.2522,0.1548,0.2525,0.4832,637.8,7.4,76.154,25.39,8.91,0.56,True
Gowari_Wadhona_ext_3,21.58468,79.03407,1,0.3043,0.208,0.1669,0.2178,0.3678,454.8,4.4,28.273,26.8,7.89,0.55,True
bg_347,22.09882,80.76339,0,0.317,0.2199,0.1999,0.215,0.4931,547.2,6.4,32.879,25.56,9.39,0.55,True
bg_216,21.7588,78.82052,0,0.3237,0.2279,0.1692,0.2349,0.4433,637.8,8.2,52.973,25.39,8.91,0.56,True
bg_97,21.78658,80.42947,0,0.3209,0.2121,0.176,0.2445,0.4956,547.2,6.2,18.826,25.56,9.39,0.55,True
bg_355,21.99652,79.16065,0,0.2835,0.2218,0.168,0.2276,0.5279,557.7,6.7,60.436,25.76,9.21,0.57,True
bg_1,21.98154,80.63792,0,0.3417,0.2386,0.1939,0.2395,0.438,547.2,7.6,14.285,25.56,9.39,0.55,True
Tirodi_Mine_ext_2,22.15976,79.66096,1,0.668,0.5269,0.4259,0.5012,0.3568,557.7,14.3,2.114,25.76,9.21,0.57,True
Ramtek_Mine_ext_5,21.42057,79.34353,1,0.6005,0.449,0.3749,0.4492,0.371,371.2,10.3,5.206,27.04,8.83,0.56,True
Keonjhar_Deposit_ext_4,21.63023,85.60616,1,0.2855,0.2326,0.1815,0.2072,0.526,341.5,3.4,565.543,25.34,9.52,0.61,True
bg_154,21.84504,80.48211,0,0.4327,0.2908,0.2504,0.3328,0.3974,547.2,8.4,10.326,25.56,9.39,0.55,True
bg_323,20.75776,80.16696,0,0.2743,0.2265,0.1894,0.2129,0.4601,291.9,3.1,82.397,27.2,9.85,0.56,True
Keonjhar_Deposit,21.63,85.58,1,0.3208,0.2331,0.1724,0.2145,0.4493,341.5,2.4,562.646,25.34,9.52,0.61,True
